Reference, Value, Footprint, Datasheet, Field4, P, detail, 字段5, 字段4
"U11","HY2213-BB3A","Package_TO_SOT_SMD:SOT-23-6_Handsoldering","https://datasheet.lcsc.com/szlcsc/HYCON-Tech-HY2213-BB3A_C113632.pdf"
"U1","SLS2302","Package_TO_SOT_SMD:SOT-23","~"
"R52","150R","Resistor_SMD:R_1206_3216Metric_Pad1.42x1.75mm_HandSolder",""," ","","","",""
"C11","0.1uF","Capacitor_SMD:C_0603_1608Metric_Pad1.05x0.95mm_HandSolder","~"
"R72","100R","Resistor_SMD:R_0603_1608Metric_Pad1.05x0.95mm_HandSolder",""," ","","","",""
"R42","100R","Resistor_SMD:R_0603_1608Metric_Pad1.05x0.95mm_HandSolder",""," ","","","",""
"C1","0.1uF","Capacitor_SMD:C_0603_1608Metric_Pad1.05x0.95mm_HandSolder","~"
"IC1","DW01A-G","Package_TO_SOT_SMD:SOT-23-6_Handsoldering",""
"Q2","MMBT3906","Package_TO_SOT_SMD:SOT-23","https://www.fairchildsemi.com/datasheets/2N/2N3906.pdf"
"Q1","MMBT3906","Package_TO_SOT_SMD:SOT-23","https://www.fairchildsemi.com/datasheets/2N/2N3906.pdf"
"R22","510K","Resistor_SMD:R_0603_1608Metric_Pad1.05x0.95mm_HandSolder",""," ","","","",""
"R23","510K","Resistor_SMD:R_0603_1608Metric_Pad1.05x0.95mm_HandSolder",""," ","","","",""
"R1","1M","Resistor_SMD:R_0603_1608Metric_Pad1.05x0.95mm_HandSolder",""," ","","","",""
"R12","1M","Resistor_SMD:R_0603_1608Metric_Pad1.05x0.95mm_HandSolder",""," ","","","",""
"U12","HY2213-BB3A","Package_TO_SOT_SMD:SOT-23-6_Handsoldering","https://datasheet.lcsc.com/szlcsc/HYCON-Tech-HY2213-BB3A_C113632.pdf"
"U2","SLS2302","Package_TO_SOT_SMD:SOT-23","~"
"C12","0.1uF","Capacitor_SMD:C_0603_1608Metric_Pad1.05x0.95mm_HandSolder","~"
"R73","100R","Resistor_SMD:R_0603_1608Metric_Pad1.05x0.95mm_HandSolder",""," ","","","",""
"R43","100R","Resistor_SMD:R_0603_1608Metric_Pad1.05x0.95mm_HandSolder",""," ","","","",""
"C2","0.1uF","Capacitor_SMD:C_0603_1608Metric_Pad1.05x0.95mm_HandSolder","~"
"IC2","DW01A-G","Package_TO_SOT_SMD:SOT-23-6_Handsoldering",""
"Q4","MMBT3906","Package_TO_SOT_SMD:SOT-23","https://www.fairchildsemi.com/datasheets/2N/2N3906.pdf"
"Q3","MMBT3906","Package_TO_SOT_SMD:SOT-23","https://www.fairchildsemi.com/datasheets/2N/2N3906.pdf"
"R24","510K","Resistor_SMD:R_0603_1608Metric_Pad1.05x0.95mm_HandSolder",""," ","","","",""
"R25","510K","Resistor_SMD:R_0603_1608Metric_Pad1.05x0.95mm_HandSolder",""," ","","","",""
"R2","1M","Resistor_SMD:R_0603_1608Metric_Pad1.05x0.95mm_HandSolder",""," ","","","",""
"R13","1M","Resistor_SMD:R_0603_1608Metric_Pad1.05x0.95mm_HandSolder",""," ","","","",""
"U13","HY2213-BB3A","Package_TO_SOT_SMD:SOT-23-6_Handsoldering","https://datasheet.lcsc.com/szlcsc/HYCON-Tech-HY2213-BB3A_C113632.pdf"
"U3","SLS2302","Package_TO_SOT_SMD:SOT-23","~"
"C13","0.1uF","Capacitor_SMD:C_0603_1608Metric_Pad1.05x0.95mm_HandSolder","~"
"R74","100R","Resistor_SMD:R_0603_1608Metric_Pad1.05x0.95mm_HandSolder",""," ","","","",""
"R44","100R","Resistor_SMD:R_0603_1608Metric_Pad1.05x0.95mm_HandSolder",""," ","","","",""
"C3","0.1uF","Capacitor_SMD:C_0603_1608Metric_Pad1.05x0.95mm_HandSolder","~"
"IC3","DW01A-G","Package_TO_SOT_SMD:SOT-23-6_Handsoldering",""
"Q6","MMBT3906","Package_TO_SOT_SMD:SOT-23","https://www.fairchildsemi.com/datasheets/2N/2N3906.pdf"
"Q5","MMBT3906","Package_TO_SOT_SMD:SOT-23","https://www.fairchildsemi.com/datasheets/2N/2N3906.pdf"
"R26","510K","Resistor_SMD:R_0603_1608Metric_Pad1.05x0.95mm_HandSolder",""," ","","","",""
"R27","510K","Resistor_SMD:R_0603_1608Metric_Pad1.05x0.95mm_HandSolder",""," ","","","",""
"R3","1M","Resistor_SMD:R_0603_1608Metric_Pad1.05x0.95mm_HandSolder",""," ","","","",""
"R14","1M","Resistor_SMD:R_0603_1608Metric_Pad1.05x0.95mm_HandSolder",""," ","","","",""
"U14","HY2213-BB3A","Package_TO_SOT_SMD:SOT-23-6_Handsoldering","https://datasheet.lcsc.com/szlcsc/HYCON-Tech-HY2213-BB3A_C113632.pdf"
"U4","SLS2302","Package_TO_SOT_SMD:SOT-23","~"
"C14","0.1uF","Capacitor_SMD:C_0603_1608Metric_Pad1.05x0.95mm_HandSolder","~"
"R75","100R","Resistor_SMD:R_0603_1608Metric_Pad1.05x0.95mm_HandSolder",""," ","","","",""
"R45","100R","Resistor_SMD:R_0603_1608Metric_Pad1.05x0.95mm_HandSolder",""," ","","","",""
"C4","0.1uF","Capacitor_SMD:C_0603_1608Metric_Pad1.05x0.95mm_HandSolder","~"
"IC4","DW01A-G","Package_TO_SOT_SMD:SOT-23-6_Handsoldering",""
"Q8","MMBT3906","Package_TO_SOT_SMD:SOT-23","https://www.fairchildsemi.com/datasheets/2N/2N3906.pdf"
"Q7","MMBT3906","Package_TO_SOT_SMD:SOT-23","https://www.fairchildsemi.com/datasheets/2N/2N3906.pdf"
"R28","510K","Resistor_SMD:R_0603_1608Metric_Pad1.05x0.95mm_HandSolder",""," ","","","",""
"R29","510K","Resistor_SMD:R_0603_1608Metric_Pad1.05x0.95mm_HandSolder",""," ","","","",""
"R4","1M","Resistor_SMD:R_0603_1608Metric_Pad1.05x0.95mm_HandSolder",""," ","","","",""
"R15","1M","Resistor_SMD:R_0603_1608Metric_Pad1.05x0.95mm_HandSolder",""," ","","","",""
"U15","HY2213-BB3A","Package_TO_SOT_SMD:SOT-23-6_Handsoldering","https://datasheet.lcsc.com/szlcsc/HYCON-Tech-HY2213-BB3A_C113632.pdf"
"U5","SLS2302","Package_TO_SOT_SMD:SOT-23","~"
"C15","0.1uF","Capacitor_SMD:C_0603_1608Metric_Pad1.05x0.95mm_HandSolder","~"
"R76","100R","Resistor_SMD:R_0603_1608Metric_Pad1.05x0.95mm_HandSolder",""," ","","","",""
"R46","100R","Resistor_SMD:R_0603_1608Metric_Pad1.05x0.95mm_HandSolder",""," ","","","",""
"C5","0.1uF","Capacitor_SMD:C_0603_1608Metric_Pad1.05x0.95mm_HandSolder","~"
"IC5","DW01A-G","Package_TO_SOT_SMD:SOT-23-6_Handsoldering",""
"Q10","MMBT3906","Package_TO_SOT_SMD:SOT-23","https://www.fairchildsemi.com/datasheets/2N/2N3906.pdf"
"Q9","MMBT3906","Package_TO_SOT_SMD:SOT-23","https://www.fairchildsemi.com/datasheets/2N/2N3906.pdf"
"R30","510K","Resistor_SMD:R_0603_1608Metric_Pad1.05x0.95mm_HandSolder",""," ","","","",""
"R31","510K","Resistor_SMD:R_0603_1608Metric_Pad1.05x0.95mm_HandSolder",""," ","","","",""
"R5","1M","Resistor_SMD:R_0603_1608Metric_Pad1.05x0.95mm_HandSolder",""," ","","","",""
"R16","1M","Resistor_SMD:R_0603_1608Metric_Pad1.05x0.95mm_HandSolder",""," ","","","",""
"U16","HY2213-BB3A","Package_TO_SOT_SMD:SOT-23-6_Handsoldering","https://datasheet.lcsc.com/szlcsc/HYCON-Tech-HY2213-BB3A_C113632.pdf"
"U6","SLS2302","Package_TO_SOT_SMD:SOT-23","~"
"C16","0.1uF","Capacitor_SMD:C_0603_1608Metric_Pad1.05x0.95mm_HandSolder","~"
"R77","100R","Resistor_SMD:R_0603_1608Metric_Pad1.05x0.95mm_HandSolder",""," ","","","",""
"R47","100R","Resistor_SMD:R_0603_1608Metric_Pad1.05x0.95mm_HandSolder",""," ","","","",""
"C6","0.1uF","Capacitor_SMD:C_0603_1608Metric_Pad1.05x0.95mm_HandSolder","~"
"IC6","DW01A-G","Package_TO_SOT_SMD:SOT-23-6_Handsoldering",""
"Q12","MMBT3906","Package_TO_SOT_SMD:SOT-23","https://www.fairchildsemi.com/datasheets/2N/2N3906.pdf"
"Q11","MMBT3906","Package_TO_SOT_SMD:SOT-23","https://www.fairchildsemi.com/datasheets/2N/2N3906.pdf"
"R32","510K","Resistor_SMD:R_0603_1608Metric_Pad1.05x0.95mm_HandSolder",""," ","","","",""
"R33","510K","Resistor_SMD:R_0603_1608Metric_Pad1.05x0.95mm_HandSolder",""," ","","","",""
"R6","1M","Resistor_SMD:R_0603_1608Metric_Pad1.05x0.95mm_HandSolder",""," ","","","",""
"R17","1M","Resistor_SMD:R_0603_1608Metric_Pad1.05x0.95mm_HandSolder",""," ","","","",""
"U17","HY2213-BB3A","Package_TO_SOT_SMD:SOT-23-6_Handsoldering","https://datasheet.lcsc.com/szlcsc/HYCON-Tech-HY2213-BB3A_C113632.pdf"
"U7","SLS2302","Package_TO_SOT_SMD:SOT-23","~"
"C17","0.1uF","Capacitor_SMD:C_0603_1608Metric_Pad1.05x0.95mm_HandSolder","~"
"R78","100R","Resistor_SMD:R_0603_1608Metric_Pad1.05x0.95mm_HandSolder",""," ","","","",""
"R48","100R","Resistor_SMD:R_0603_1608Metric_Pad1.05x0.95mm_HandSolder",""," ","","","",""
"C7","0.1uF","Capacitor_SMD:C_0603_1608Metric_Pad1.05x0.95mm_HandSolder","~"
"IC7","DW01A-G","Package_TO_SOT_SMD:SOT-23-6_Handsoldering",""
"Q14","MMBT3906","Package_TO_SOT_SMD:SOT-23","https://www.fairchildsemi.com/datasheets/2N/2N3906.pdf"
"Q13","MMBT3906","Package_TO_SOT_SMD:SOT-23","https://www.fairchildsemi.com/datasheets/2N/2N3906.pdf"
"R34","510K","Resistor_SMD:R_0603_1608Metric_Pad1.05x0.95mm_HandSolder",""," ","","","",""
"R35","510K","Resistor_SMD:R_0603_1608Metric_Pad1.05x0.95mm_HandSolder",""," ","","","",""
"R7","1M","Resistor_SMD:R_0603_1608Metric_Pad1.05x0.95mm_HandSolder",""," ","","","",""
"R18","1M","Resistor_SMD:R_0603_1608Metric_Pad1.05x0.95mm_HandSolder",""," ","","","",""
"U18","HY2213-BB3A","Package_TO_SOT_SMD:SOT-23-6_Handsoldering","https://datasheet.lcsc.com/szlcsc/HYCON-Tech-HY2213-BB3A_C113632.pdf"
"U8","SLS2302","Package_TO_SOT_SMD:SOT-23","~"
"C18","0.1uF","Capacitor_SMD:C_0603_1608Metric_Pad1.05x0.95mm_HandSolder","~"
"R79","100R","Resistor_SMD:R_0603_1608Metric_Pad1.05x0.95mm_HandSolder",""," ","","","",""
"R49","100R","Resistor_SMD:R_0603_1608Metric_Pad1.05x0.95mm_HandSolder",""," ","","","",""
"C8","0.1uF","Capacitor_SMD:C_0603_1608Metric_Pad1.05x0.95mm_HandSolder","~"
"IC8","DW01A-G","Package_TO_SOT_SMD:SOT-23-6_Handsoldering",""
"Q16","MMBT3906","Package_TO_SOT_SMD:SOT-23","https://www.fairchildsemi.com/datasheets/2N/2N3906.pdf"
"Q15","MMBT3906","Package_TO_SOT_SMD:SOT-23","https://www.fairchildsemi.com/datasheets/2N/2N3906.pdf"
"R36","510K","Resistor_SMD:R_0603_1608Metric_Pad1.05x0.95mm_HandSolder",""," ","","","",""
"R37","510K","Resistor_SMD:R_0603_1608Metric_Pad1.05x0.95mm_HandSolder",""," ","","","",""
"R8","1M","Resistor_SMD:R_0603_1608Metric_Pad1.05x0.95mm_HandSolder",""," ","","","",""
"R19","1M","Resistor_SMD:R_0603_1608Metric_Pad1.05x0.95mm_HandSolder",""," ","","","",""
"U19","HY2213-BB3A","Package_TO_SOT_SMD:SOT-23-6_Handsoldering","https://datasheet.lcsc.com/szlcsc/HYCON-Tech-HY2213-BB3A_C113632.pdf"
"U9","SLS2302","Package_TO_SOT_SMD:SOT-23","~"
"C19","0.1uF","Capacitor_SMD:C_0603_1608Metric_Pad1.05x0.95mm_HandSolder","~"
"R80","100R","Resistor_SMD:R_0603_1608Metric_Pad1.05x0.95mm_HandSolder",""," ","","","",""
"R50","100R","Resistor_SMD:R_0603_1608Metric_Pad1.05x0.95mm_HandSolder",""," ","","","",""
"C9","0.1uF","Capacitor_SMD:C_0603_1608Metric_Pad1.05x0.95mm_HandSolder","~"
"IC9","DW01A-G","Package_TO_SOT_SMD:SOT-23-6_Handsoldering",""
"Q18","MMBT3906","Package_TO_SOT_SMD:SOT-23","https://www.fairchildsemi.com/datasheets/2N/2N3906.pdf"
"Q17","MMBT3906","Package_TO_SOT_SMD:SOT-23","https://www.fairchildsemi.com/datasheets/2N/2N3906.pdf"
"R38","510K","Resistor_SMD:R_0603_1608Metric_Pad1.05x0.95mm_HandSolder",""," ","","","",""
"R39","510K","Resistor_SMD:R_0603_1608Metric_Pad1.05x0.95mm_HandSolder",""," ","","","",""
"R9","1M","Resistor_SMD:R_0603_1608Metric_Pad1.05x0.95mm_HandSolder",""," ","","","",""
"R20","1M","Resistor_SMD:R_0603_1608Metric_Pad1.05x0.95mm_HandSolder",""," ","","","",""
"U20","HY2213-BB3A","Package_TO_SOT_SMD:SOT-23-6_Handsoldering","https://datasheet.lcsc.com/szlcsc/HYCON-Tech-HY2213-BB3A_C113632.pdf"
"U10","SLS2302","Package_TO_SOT_SMD:SOT-23","~"
"C20","0.1uF","Capacitor_SMD:C_0603_1608Metric_Pad1.05x0.95mm_HandSolder","~"
"R81","100R","Resistor_SMD:R_0603_1608Metric_Pad1.05x0.95mm_HandSolder",""," ","","","",""
"R51","100R","Resistor_SMD:R_0603_1608Metric_Pad1.05x0.95mm_HandSolder",""," ","","","",""
"C10","0.1uF","Capacitor_SMD:C_0603_1608Metric_Pad1.05x0.95mm_HandSolder","~"
"IC10","DW01A-G","Package_TO_SOT_SMD:SOT-23-6_Handsoldering",""
"Q20","MMBT3906","Package_TO_SOT_SMD:SOT-23","https://www.fairchildsemi.com/datasheets/2N/2N3906.pdf"
"Q19","MMBT3906","Package_TO_SOT_SMD:SOT-23","https://www.fairchildsemi.com/datasheets/2N/2N3906.pdf"
"R40","510K","Resistor_SMD:R_0603_1608Metric_Pad1.05x0.95mm_HandSolder",""," ","","","",""
"R41","510K","Resistor_SMD:R_0603_1608Metric_Pad1.05x0.95mm_HandSolder",""," ","","","",""
"R10","1M","Resistor_SMD:R_0603_1608Metric_Pad1.05x0.95mm_HandSolder",""," ","","","",""
"R21","1M","Resistor_SMD:R_0603_1608Metric_Pad1.05x0.95mm_HandSolder",""," ","","","",""
"U24","HY2213-BB3A","Package_TO_SOT_SMD:SOT-23-6_Handsoldering","https://datasheet.lcsc.com/szlcsc/HYCON-Tech-HY2213-BB3A_C113632.pdf"
"U21","SLS2302","Package_TO_SOT_SMD:SOT-23","~"
"C25","0.1uF","Capacitor_SMD:C_0603_1608Metric_Pad1.05x0.95mm_HandSolder","~"
"R113","100R","Resistor_SMD:R_0603_1608Metric_Pad1.05x0.95mm_HandSolder",""," ","","","",""
"R98","100R","Resistor_SMD:R_0603_1608Metric_Pad1.05x0.95mm_HandSolder",""," ","","","",""
"C22","0.1uF","Capacitor_SMD:C_0603_1608Metric_Pad1.05x0.95mm_HandSolder","~"
"IC11","DW01A-G","Package_TO_SOT_SMD:SOT-23-6_Handsoldering",""
"Q22","MMBT3906","Package_TO_SOT_SMD:SOT-23","https://www.fairchildsemi.com/datasheets/2N/2N3906.pdf"
"Q21","MMBT3906","Package_TO_SOT_SMD:SOT-23","https://www.fairchildsemi.com/datasheets/2N/2N3906.pdf"
"R89","510K","Resistor_SMD:R_0603_1608Metric_Pad1.05x0.95mm_HandSolder",""," ","","","",""
"R90","510K","Resistor_SMD:R_0603_1608Metric_Pad1.05x0.95mm_HandSolder",""," ","","","",""
"R82","1M","Resistor_SMD:R_0603_1608Metric_Pad1.05x0.95mm_HandSolder",""," ","","","",""
"R85","1M","Resistor_SMD:R_0603_1608Metric_Pad1.05x0.95mm_HandSolder",""," ","","","",""
"U25","HY2213-BB3A","Package_TO_SOT_SMD:SOT-23-6_Handsoldering","https://datasheet.lcsc.com/szlcsc/HYCON-Tech-HY2213-BB3A_C113632.pdf"
"U22","SLS2302","Package_TO_SOT_SMD:SOT-23","~"
"C26","0.1uF","Capacitor_SMD:C_0603_1608Metric_Pad1.05x0.95mm_HandSolder","~"
"R114","100R","Resistor_SMD:R_0603_1608Metric_Pad1.05x0.95mm_HandSolder",""," ","","","",""
"R99","100R","Resistor_SMD:R_0603_1608Metric_Pad1.05x0.95mm_HandSolder",""," ","","","",""
"C23","0.1uF","Capacitor_SMD:C_0603_1608Metric_Pad1.05x0.95mm_HandSolder","~"
"IC12","DW01A-G","Package_TO_SOT_SMD:SOT-23-6_Handsoldering",""
"Q24","MMBT3906","Package_TO_SOT_SMD:SOT-23","https://www.fairchildsemi.com/datasheets/2N/2N3906.pdf"
"Q23","MMBT3906","Package_TO_SOT_SMD:SOT-23","https://www.fairchildsemi.com/datasheets/2N/2N3906.pdf"
"R91","510K","Resistor_SMD:R_0603_1608Metric_Pad1.05x0.95mm_HandSolder",""," ","","","",""
"R92","510K","Resistor_SMD:R_0603_1608Metric_Pad1.05x0.95mm_HandSolder",""," ","","","",""
"R83","1M","Resistor_SMD:R_0603_1608Metric_Pad1.05x0.95mm_HandSolder",""," ","","","",""
"R86","1M","Resistor_SMD:R_0603_1608Metric_Pad1.05x0.95mm_HandSolder",""," ","","","",""
"U26","HY2213-BB3A","Package_TO_SOT_SMD:SOT-23-6_Handsoldering","https://datasheet.lcsc.com/szlcsc/HYCON-Tech-HY2213-BB3A_C113632.pdf"
"U23","SLS2302","Package_TO_SOT_SMD:SOT-23","~"
"C27","0.1uF","Capacitor_SMD:C_0603_1608Metric_Pad1.05x0.95mm_HandSolder","~"
"R115","100R","Resistor_SMD:R_0603_1608Metric_Pad1.05x0.95mm_HandSolder",""," ","","","",""
"R100","100R","Resistor_SMD:R_0603_1608Metric_Pad1.05x0.95mm_HandSolder",""," ","","","",""
"C24","0.1uF","Capacitor_SMD:C_0603_1608Metric_Pad1.05x0.95mm_HandSolder","~"
"IC13","DW01A-G","Package_TO_SOT_SMD:SOT-23-6_Handsoldering",""
"Q26","MMBT3906","Package_TO_SOT_SMD:SOT-23","https://www.fairchildsemi.com/datasheets/2N/2N3906.pdf"
"Q25","MMBT3906","Package_TO_SOT_SMD:SOT-23","https://www.fairchildsemi.com/datasheets/2N/2N3906.pdf"
"R93","510K","Resistor_SMD:R_0603_1608Metric_Pad1.05x0.95mm_HandSolder",""," ","","","",""
"R94","510K","Resistor_SMD:R_0603_1608Metric_Pad1.05x0.95mm_HandSolder",""," ","","","",""
"R84","1M","Resistor_SMD:R_0603_1608Metric_Pad1.05x0.95mm_HandSolder",""," ","","","",""
"R87","1M","Resistor_SMD:R_0603_1608Metric_Pad1.05x0.95mm_HandSolder",""," ","","","",""
"C21","0.47uF","Capacitor_SMD:C_0603_1608Metric_Pad1.05x0.95mm_HandSolder","~"
"Q27","MMBT3904","Package_TO_SOT_SMD:SOT-23","https://www.fairchildsemi.com/datasheets/2N/2N3904.pdf"
"R95","1M","Resistor_SMD:R_0603_1608Metric_Pad1.05x0.95mm_HandSolder",""," ","","","",""
"R88","10M","Resistor_SMD:R_0603_1608Metric_Pad1.05x0.95mm_HandSolder",""," ","","","",""
"R96","1M","Resistor_SMD:R_0603_1608Metric_Pad1.05x0.95mm_HandSolder",""," ","","","",""
"R97","1K","Resistor_SMD:R_0603_1608Metric_Pad1.05x0.95mm_HandSolder",""," ","","","",""
"R111","510K","Resistor_SMD:R_0603_1608Metric_Pad1.05x0.95mm_HandSolder",""," ","","","",""
"R106","1M","Resistor_SMD:R_0603_1608Metric_Pad1.05x0.95mm_HandSolder",""," ","","","",""
"R110","1M","Resistor_SMD:R_0603_1608Metric_Pad1.05x0.95mm_HandSolder",""," ","","","",""
"R112","10M","Resistor_SMD:R_0603_1608Metric_Pad1.05x0.95mm_HandSolder",""," ","","","",""
"Q40","MMBT3904","Package_TO_SOT_SMD:SOT-23","https://www.fairchildsemi.com/datasheets/2N/2N3904.pdf"
"R116","1M","Resistor_SMD:R_0603_1608Metric_Pad1.05x0.95mm_HandSolder",""," ","","","",""
"R102","4mΩ","Resistor_SMD:R_2512_6332Metric_Pad1.52x3.35mm_HandSolder","~","","2W","Current Sence R","R004",""
"R101","4mΩ","Resistor_SMD:R_2512_6332Metric_Pad1.52x3.35mm_HandSolder","~","","2W","Current Sence R","R004",""
"Q28","P75N02LD","Package_TO_SOT_SMD:TO-252-2","~","","","","","25V 75A 5mR"
"Q29","P75N02LD","Package_TO_SOT_SMD:TO-252-2","~","","","","","25V 75A 5mR"
"Q30","P75N02LD","Package_TO_SOT_SMD:TO-252-2","~","","","","","25V 75A 5mR"
"Q31","P75N02LD","Package_TO_SOT_SMD:TO-252-2","~","","","","","25V 75A 5mR"
"Q32","P75N02LD","Package_TO_SOT_SMD:TO-252-2","~","","","","","25V 75A 5mR"
"Q33","P75N02LD","Package_TO_SOT_SMD:TO-252-2","~","","","","","25V 75A 5mR"
"Q34","P75N02LD","Package_TO_SOT_SMD:TO-252-2","~","","","","","25V 75A 5mR"
"Q35","P75N02LD","Package_TO_SOT_SMD:TO-252-2","~","","","","","25V 75A 5mR"
"Q36","P75N02LD","Package_TO_SOT_SMD:TO-252-2","~","","","","","25V 75A 5mR"
"Q37","P75N02LD","Package_TO_SOT_SMD:TO-252-2","~","","","","","25V 75A 5mR"
"Q38","P75N02LD","Package_TO_SOT_SMD:TO-252-2","~","","","","","25V 75A 5mR"
"Q39","P75N02LD","Package_TO_SOT_SMD:TO-252-2","~","","","","","25V 75A 5mR"
"R53","150R","Resistor_SMD:R_1206_3216Metric_Pad1.42x1.75mm_HandSolder",""," ","","","",""
"R63","150R","Resistor_SMD:R_1206_3216Metric_Pad1.42x1.75mm_HandSolder",""," ","","","",""
"R54","150R","Resistor_SMD:R_1206_3216Metric_Pad1.42x1.75mm_HandSolder",""," ","","","",""
"R64","150R","Resistor_SMD:R_1206_3216Metric_Pad1.42x1.75mm_HandSolder",""," ","","","",""
"R55","150R","Resistor_SMD:R_1206_3216Metric_Pad1.42x1.75mm_HandSolder",""," ","","","",""
"R65","150R","Resistor_SMD:R_1206_3216Metric_Pad1.42x1.75mm_HandSolder",""," ","","","",""
"R56","150R","Resistor_SMD:R_1206_3216Metric_Pad1.42x1.75mm_HandSolder",""," ","","","",""
"R66","150R","Resistor_SMD:R_1206_3216Metric_Pad1.42x1.75mm_HandSolder",""," ","","","",""
"R57","150R","Resistor_SMD:R_1206_3216Metric_Pad1.42x1.75mm_HandSolder",""," ","","","",""
"R67","150R","Resistor_SMD:R_1206_3216Metric_Pad1.42x1.75mm_HandSolder",""," ","","","",""
"R58","150R","Resistor_SMD:R_1206_3216Metric_Pad1.42x1.75mm_HandSolder",""," ","","","",""
"R68","150R","Resistor_SMD:R_1206_3216Metric_Pad1.42x1.75mm_HandSolder",""," ","","","",""
"R59","150R","Resistor_SMD:R_1206_3216Metric_Pad1.42x1.75mm_HandSolder",""," ","","","",""
"R69","150R","Resistor_SMD:R_1206_3216Metric_Pad1.42x1.75mm_HandSolder",""," ","","","",""
"R60","150R","Resistor_SMD:R_1206_3216Metric_Pad1.42x1.75mm_HandSolder",""," ","","","",""
"R70","150R","Resistor_SMD:R_1206_3216Metric_Pad1.42x1.75mm_HandSolder",""," ","","","",""
"R61","150R","Resistor_SMD:R_1206_3216Metric_Pad1.42x1.75mm_HandSolder",""," ","","","",""
"R71","150R","Resistor_SMD:R_1206_3216Metric_Pad1.42x1.75mm_HandSolder",""," ","","","",""
"R103","150R","Resistor_SMD:R_1206_3216Metric_Pad1.42x1.75mm_HandSolder",""," ","","","",""
"R107","150R","Resistor_SMD:R_1206_3216Metric_Pad1.42x1.75mm_HandSolder",""," ","","","",""
"R104","150R","Resistor_SMD:R_1206_3216Metric_Pad1.42x1.75mm_HandSolder",""," ","","","",""
"R108","150R","Resistor_SMD:R_1206_3216Metric_Pad1.42x1.75mm_HandSolder",""," ","","","",""
"R105","150R","Resistor_SMD:R_1206_3216Metric_Pad1.42x1.75mm_HandSolder",""," ","","","",""
"R109","150R","Resistor_SMD:R_1206_3216Metric_Pad1.42x1.75mm_HandSolder",""," ","","","",""
"R62","150R","Resistor_SMD:R_1206_3216Metric_Pad1.42x1.75mm_HandSolder",""," ","","","",""
"H1","B+","SolderWirePad_1x01_SMD_5x5mm:SolderWirePad_1x01_SMD_5x5mm","~"
"H2","B-","SolderWirePad_1x01_SMD_5x5mm:SolderWirePad_1x01_SMD_5x5mm","~"
"H3","P-","SolderWirePad_1x01_SMD_5x5mm:SolderWirePad_1x01_SMD_5x5mm","~"
"J1","CONN_14","Connector_PinHeader_2.54mm:PinHeader_1x14_P2.54mm_Vertical","","","","","","XXX-00000"
"H4","P+","SolderWirePad_1x01_SMD_5x5mm:SolderWirePad_1x01_SMD_5x5mm","~"
